id,session_id,completed_at,wardrobe_size,shopping_frequency,disposal_habit,primary_driver,persona,social_value,emotional_value,functional_value,inflow_outflow_value,set_type,garment_type,how_got,cost,wear_frequency,main_use,main_use_other,why_bought,why_bought_other,how_long_had,why_favorite,use_changed,wash_frequency,repaired,brand,why_not_wear,disposal_plan,consent_given,consent_timestamp,why_favorite_other,why_not_wear_other,completed_at_amsterdam,completion_status,how_long_had_years
18,1778484333176-td0yj1jfj,2026-05-11 07:25:54.093+00,minimal,rarely,rarely,function,The Balanced Adapter,55,67,100,63,A,jacket-coat,bought-new,free,once-a-week,sport,,wanted-new,,,,,,,,,,,,,,2026-05-11 09:25:54.093,,
19,1778484333176-td0yj1jfj,2026-05-11 07:26:40.184+00,minimal,rarely,rarely,function,The Balanced Adapter,55,67,100,63,B,t-shirt,bought-new,free,once-a-week,leisure,,,,less-1-year,hi,no,when-dirty,skipped,skipped,,,,,,,2026-05-11 09:26:40.184,,
20,1778484333176-td0yj1jfj,2026-05-11 07:29:34.589+00,minimal,rarely,rarely,function,The Balanced Adapter,55,67,100,63,C,dress,borrowed-shared-rented,1-20,,,,,,skipped,,,,,,waiting-occasion,sell-it,,,,,2026-05-11 09:29:34.589,,
21,1778504198661-fc914jyrt,2026-05-11 12:57:14.557+00,moderate,occasionally,periodically,emotion,The Balanced Adapter,43,65,43,45,A,t-shirt,gift,21-50,once-a-month,leisure,,on-sale,,,,,,,,,,,,,,2026-05-11 14:57:14.557,,
22,1778574643565-a88o4b5ju,2026-05-12 08:31:20.053+00,moderate,occasionally,periodically,emotion,The Memory Keeper,43,85,100,35,A,jacket-coat,bought-secondhand,free,once-a-month,work,,replace-similar,,,,,,,,,,,,,,2026-05-12 10:31:20.053,,
23,1778574643565-a88o4b5ju,2026-05-12 08:32:08.321+00,moderate,occasionally,periodically,emotion,The Memory Keeper,43,85,100,35,B,jeans-trousers,gift,51-100,once-a-week,leisure; work,,,,1-2-years,nice,yes,few-times,no-but-would,hm,,,,,,,2026-05-12 10:32:08.321,,
24,1778574643565-a88o4b5ju,2026-05-12 08:32:25.951+00,moderate,occasionally,periodically,emotion,The Memory Keeper,43,85,100,35,C,jacket-coat,bought-secondhand,free,,,,,,3,,,,,,doesnt-fit,donate-charity,,,,,2026-05-12 10:32:25.951,,
25,1778575342172-423xhe2ja,2026-05-12 08:43:10.78+00,moderate,occasionally,periodically,emotion,The Social Chameleon,73,69,73,69,A,jeans-trousers,bought-new,100+,once-a-week,leisure,,wanted-new,,,,,,,,,,,,,,2026-05-12 10:43:10.78,,
26,1778575342172-423xhe2ja,2026-05-12 08:45:13.016+00,moderate,occasionally,periodically,emotion,The Social Chameleon,73,69,73,69,B,shirt-blouse,bought-new,100+,once-a-week,leisure,,,,1-2-years,skipped,no,every-time,yes-myself,skipped,,,,,,,2026-05-12 10:45:13.016,,
27,1778575342172-423xhe2ja,2026-05-12 08:45:31.312+00,moderate,occasionally,periodically,emotion,The Social Chameleon,73,69,73,69,C,shorts,bought-new,21-50,,,,,,4,,,,,,dont-like-anymore,sell-it,,,,,2026-05-12 10:45:31.312,,
28,1778583053409-sh51eoaiy,2026-05-12 11:06:47.363+00,moderate,occasionally,periodically,function,The Balanced Adapter,51,65,93,51,A,"Body warmer, green teddy",bought-new,21-50,once-a-month,home; leisure; work; special-occasions,,other,I didn’t have a body warmer. But the bright green color made me buy it,,,,,,,,,,,,,2026-05-12 13:06:47.363,,
29,1778583053409-sh51eoaiy,2026-05-12 11:08:57.558+00,moderate,occasionally,periodically,function,The Balanced Adapter,51,65,93,51,B,dress,bought-secondhand,21-50,once-each-season,special-occasions,,,,less-1-year,It is a spanish flamenco dress I needed for a lerformance,no,few-times,yes-myself,"Don’t know, maybe Mikaela",,,,,,,2026-05-12 13:08:57.558,,
30,1778583053409-sh51eoaiy,2026-05-12 11:09:39.079+00,moderate,occasionally,periodically,function,The Balanced Adapter,51,65,93,51,C,jacket-coat,bought-new,100+,,,,,,7,,,,,,doesnt-fit,donate-charity,,,,,2026-05-12 13:09:39.079,,
31,1778590816040-wduossu2g,2026-05-12 13:17:06.769+00,minimal,rarely,periodically,social,The Functional Minimalist,85,49,91,45,A,t-shirt,bought-new,1-20,once-a-month,other,All of them,wanted-new,,,,,,,,,,,,,,2026-05-12 15:17:06.769,,
32,1778590816040-wduossu2g,2026-05-12 13:18:09.344+00,minimal,rarely,periodically,social,The Functional Minimalist,85,49,91,45,B,t-shirt,bought-secondhand,1-20,once-a-month,special-occasions,,,,1-2-years,Nice style,no,few-times,no-but-would,H&M,,,,,,,2026-05-12 15:18:09.344,,
33,1778590816040-wduossu2g,2026-05-12 13:18:47.06+00,minimal,rarely,periodically,social,The Functional Minimalist,85,49,91,45,C,shirt-blouse,bought-secondhand,1-20,,,,,,2,,,,,,out-of-style,,,,,,2026-05-12 15:18:47.06,,
34,1778593836784-hbzlafrsg,2026-05-12 13:51:01.139+00,minimal,rarely,rarely,function,The Functional Minimalist,35,45,100,55,A,t-shirt,bought-new,1-20,once-a-month,sport,,on-sale,,,,,,,,,,,,,,2026-05-12 15:51:01.139,,
35,1778593836784-hbzlafrsg,2026-05-12 13:52:36.256+00,minimal,rarely,rarely,function,The Functional Minimalist,35,45,100,55,B,shorts,made-it,51-100,once-a-week,work; sport,,,,3-4-years,skipped,no,every-time,no,skipped,,,,,,,2026-05-12 15:52:36.256,,
36,1778670886991-o8s46t0ff,2026-05-13 11:17:02.957+00,moderate,rarely,rarely,emotion,The Balanced Adapter,51,79,83,69,A,jeans-trousers,bought-new,21-50,once-a-week,leisure; special-occasions,,replace-similar,,,,,,,,,,,,,,2026-05-13 13:17:02.957,,
37,1778670886991-o8s46t0ff,2026-05-13 11:18:43.704+00,moderate,rarely,rarely,emotion,The Balanced Adapter,51,79,83,69,B,Skirt,bought-new,21-50,once-each-season,leisure; special-occasions,,,,1-2-years,It’s vintage,no,every-time,no-but-would,Zara,,,,,,,2026-05-13 13:18:43.704,,
38,1778670886991-o8s46t0ff,2026-05-13 11:22:24.796+00,moderate,rarely,rarely,emotion,The Balanced Adapter,51,79,83,69,C,jeans-trousers,bought-new,21-50,,,,,,2,,,,,,doesnt-fit,textile-bins,,,,,2026-05-13 13:22:24.796,,
39,1778676292286-axbuivkkm,2026-05-13 12:45:05.566+00,extensive,frequently,periodically,social,The Conscious Curator,63,39,41,77,A,shirt-blouse,made-it,100+,not-used-last-year,special-occasions,,,,,,,,,,,,,,,,2026-05-13 14:45:05.566,,
40,1778679631629-0m9ny1kvw,2026-05-13 13:40:57.461+00,minimal,rarely,rarely,function,The Functional Minimalist,35,45,99,41,A,t-shirt,bought-new,51-100,once-a-month,work,,replace-similar,,,,,,,,,,,,,,2026-05-13 15:40:57.461,,
41,1778679676493-a46crs7sd,2026-05-13 13:41:48.978+00,minimal,rarely,rarely,function,The Functional Minimalist,55,45,87,35,A,t-shirt,bought-secondhand,free,once-each-season,special-occasions; work; sport; leisure,,wanted-new,,,,,,,,,,,,,,2026-05-13 15:41:48.978,,
42,1778679713158-165o4vn61,2026-05-13 13:42:08.994+00,moderate,occasionally,periodically,function,The Balanced Adapter,35,45,63,45,A,dress,gift,1-20,once-each-season,sport,,on-sale,,,,,,,,,,,,,,2026-05-13 15:42:08.994,,
43,1778679745935-oeiedqxm0,2026-05-13 13:44:24.551+00,minimal,occasionally,rarely,emotion,The Memory Keeper,35,75,53,45,A,dress,gift,1-20,once-each-season,sport,,on-sale,,,,,,,,,,,,,,2026-05-13 15:44:24.551,,
44,1778679908625-dvgj8auge,2026-05-13 13:45:47.851+00,moderate,occasionally,periodically,function,The Balanced Adapter,35,45,63,45,A,dress,gift,1-20,once-each-season,sport,,on-sale,,,,,,,,,,,,,,2026-05-13 15:45:47.851,,
45,1778690975424-iqgafc9e3,2026-05-13 16:53:21.49+00,minimal,rarely,rarely,function,The Functional Minimalist,35,45,100,75,A,shirt-blouse,bought-new,21-50,once-a-week,home,,on-sale,,,,,,,,,,,,,,2026-05-13 18:53:21.49,,
46,1778690975424-iqgafc9e3,2026-05-13 16:56:12.142+00,minimal,rarely,rarely,function,The Functional Minimalist,35,45,100,75,B,t-shirt,bought-new,21-50,once-a-week,home,,,,1-2-years,skipped,yes,few-times,no,skipped,,,,,,,2026-05-13 18:56:12.142,,
47,1778690975424-iqgafc9e3,2026-05-13 16:58:07.217+00,minimal,rarely,rarely,function,The Functional Minimalist,35,45,100,75,C,blazer,bought-new,51-100,,,,,,5,,,,,,doesnt-fit,textile-bins,,,,,2026-05-13 18:58:07.217,,
48,1778699861005-5r848heny,2026-05-13 23:04:26.531+00,extensive,occasionally,rarely,emotion,The Conscious Curator,51,83,59,75,A,Top,bought-new,100+,once-each-season,special-occasions,,other,Because or is special,,,,,,,,,,,,,2026-05-14 01:04:26.531,,
49,1778699861005-5r848heny,2026-05-13 23:06:10.412+00,extensive,occasionally,rarely,emotion,The Conscious Curator,51,83,59,75,B,jeans-trousers,bought-new,,,home; work; special-occasions,,,,less-1-year,Fit is perfect,no,never,no-but-would,APC,,,,,,,2026-05-14 01:06:10.412,,
50,1778699861005-5r848heny,2026-05-13 23:08:46.709+00,extensive,occasionally,rarely,emotion,The Conscious Curator,51,83,59,75,C,shirt-blouse,bought-secondhand,21-50,,,,,,2,,,,,,Colorado is wrong,sell-it,,,,,2026-05-14 01:08:46.709,,
51,1778767422581-knpf5bpg6,2026-05-14 14:05:55.835+00,minimal,rarely,rarely,function,The Functional Minimalist,51,51,100,53,A,jacket-coat,bought-new,21-50,once-a-week,work; leisure; special-occasions,,replace-similar,,,,,,,,,,,,,,2026-05-14 16:05:55.835,,
52,1778767422581-knpf5bpg6,2026-05-14 14:07:15.28+00,minimal,rarely,rarely,function,The Functional Minimalist,51,51,100,53,B,sweater-jumper,bought-new,1-20,once-a-week,home; leisure,,,,3-4-years,skipped,yes,few-times,no-but-would,Pnp clothing,,,,,,,2026-05-14 16:07:15.28,,
53,1778767422581-knpf5bpg6,2026-05-14 14:07:52.357+00,minimal,rarely,rarely,function,The Functional Minimalist,51,51,100,53,C,jeans-trousers,bought-new,1-20,,,,,,3,,,,,,doesnt-fit,donate-charity,,,,,2026-05-14 16:07:52.357,,
54,1778769378885-cpbyajcf0,2026-05-14 14:38:55.048+00,moderate,occasionally,regularly,emotion,The Social Chameleon,73,85,83,65,A,Ankle boots,bought-new,21-50,once-a-month,special-occasions,,wanted-new,,,,,,,,,,,,,,2026-05-14 16:38:55.048,,
55,1778769378885-cpbyajcf0,2026-05-14 14:42:13.738+00,moderate,occasionally,regularly,emotion,The Social Chameleon,73,85,83,65,B,jeans-trousers,bought-new,1-20,once-a-week,work; leisure; special-occasions,,,,1-2-years,"They suit my body, not too tight, stylish and very comfortable",yes,few-times,no-but-would,"The Fix, Sportscene",,,,,,,2026-05-14 16:42:13.738,,
56,1778769378885-cpbyajcf0,2026-05-14 14:45:51.658+00,moderate,occasionally,regularly,emotion,The Social Chameleon,73,85,83,65,C,jacket-coat,gift,free,,,,,,4,,,,,,out-of-style,donate-charity,,,,,2026-05-14 16:45:51.658,,
57,1778769826291-6g19e9kdr,2026-05-14 14:44:51.518+00,minimal,rarely,periodically,emotion,The Identity Collector,61,81,100,57,A,t-shirt,bought-new,1-20,once-a-week,leisure,,on-sale,,,,,,,,,,,,,,2026-05-14 16:44:51.518,,
58,1778769826291-6g19e9kdr,2026-05-14 14:45:47.085+00,minimal,rarely,periodically,emotion,The Identity Collector,61,81,100,57,B,jeans-trousers,bought-new,1-20,once-a-week,leisure,,,,less-1-year,Fits perfectly,yes,every-time,yes-myself,Oakland,,,,,,,2026-05-14 16:45:47.085,,
59,1778769826291-6g19e9kdr,2026-05-14 14:46:14.138+00,minimal,rarely,periodically,emotion,The Identity Collector,61,81,100,57,C,shorts,bought-secondhand,1-20,,,,,,5,,,,,,out-of-style,donate-charity,,,,,2026-05-14 16:46:14.138,,
60,1778773970288-n971qqcq9,2026-05-14 15:53:40.309+00,extensive,occasionally,rarely,emotion,The Conscious Curator,51,87,51,79,A,dress,bought-new,1-20,once-a-month,leisure,,on-sale,,,,,,,,,,,,,,2026-05-14 17:53:40.309,,
61,1778773970288-n971qqcq9,2026-05-14 15:54:40.114+00,extensive,occasionally,rarely,emotion,The Conscious Curator,51,87,51,79,B,dress,bought-new,,once-a-month,leisure,,,,less-1-year,It’s beautiful,no,every-time,,Mr price,,,,,,,2026-05-14 17:54:40.114,,
62,1778773970288-n971qqcq9,2026-05-14 15:55:15.057+00,extensive,occasionally,rarely,emotion,The Conscious Curator,51,87,51,79,C,t-shirt,bought-new,1-20,,,,,,6,,,,,,forgot,,,,,,2026-05-14 17:55:15.057,,
63,1778776166179-p6jyxbfnf,2026-05-14 16:31:34.294+00,extensive,frequently,rarely,emotion,The Conscious Curator,63,65,35,83,A,dress,bought-new,1-20,once-each-season,leisure; special-occasions,,wanted-new,,,,,,,,,,,,,,2026-05-14 18:31:34.294,,
64,1778776166179-p6jyxbfnf,2026-05-14 16:32:44.209+00,extensive,frequently,rarely,emotion,The Conscious Curator,63,65,35,83,B,sweater-jumper,bought-new,1-20,once-each-season,special-occasions; leisure,,,,,skipped,no,skipped,no,skipped,,,,,,,2026-05-14 18:32:44.209,,
65,1778781455152-nda6crodx,2026-05-14 18:00:25.384+00,minimal,occasionally,periodically,emotion,The Memory Keeper,43,75,81,53,A,jacket-coat,bought-secondhand,1-20,once-each-season,not-in-use,,other,Its a snow coat so I wear it for the snow season,,,,,,,,,,,,,2026-05-14 20:00:25.384,,
66,1778781455152-nda6crodx,2026-05-14 18:02:16.608+00,minimal,occasionally,periodically,emotion,The Memory Keeper,43,75,81,53,B,jeans-trousers,bought-new,1-20,once-a-month,special-occasions; other,Church,,,1-2-years,Fits perfectly,no,when-dirty,no-but-would,skipped,,,,,,,2026-05-14 20:02:16.608,,
67,1778781455152-nda6crodx,2026-05-14 18:03:06.32+00,minimal,occasionally,periodically,emotion,The Memory Keeper,43,75,81,53,C,t-shirt,bought-secondhand,free,,,,,,2,,,,,,damaged-worn-out,donate-charity,,,,,2026-05-14 20:03:06.32,,
68,1778789561685-zu8wrvluj,2026-05-14 20:15:08.466+00,moderate,occasionally,periodically,function,The Functional Minimalist,63,55,85,57,A,jeans-trousers,bought-new,1-20,once-a-month,special-occasions,,wanted-new,,,,,,,,,,,,,,2026-05-14 22:15:08.466,,
69,1778789561685-zu8wrvluj,2026-05-14 20:16:30.599+00,moderate,occasionally,periodically,function,The Functional Minimalist,63,55,85,57,B,jeans-trousers,bought-new,1-20,once-a-month,home; special-occasions,,,,1-2-years,It’s comfy,no,every-time,,Mr Price,,,,,,,2026-05-14 22:16:30.599,,
70,1778789561685-zu8wrvluj,2026-05-14 20:17:16.083+00,moderate,occasionally,periodically,function,The Functional Minimalist,63,55,85,57,C,shorts,bought-new,1-20,,,,,,5,,,,,,doesnt-fit,gift-friends-family,,,,,2026-05-14 22:17:16.083,,
71,1778789934512-n8hlx8dkg,2026-05-14 20:24:20.398+00,moderate,occasionally,periodically,function,The Functional Minimalist,35,51,100,41,A,t-shirt,bought-new,21-50,once-a-week,home,,replace-similar,,,,,,,,,,,,,,2026-05-14 22:24:20.398,,
72,1778789934512-n8hlx8dkg,2026-05-14 20:24:59.964+00,moderate,occasionally,periodically,function,The Functional Minimalist,35,51,100,41,B,jacket-coat,gift,51-100,once-a-month,work,,,,less-1-year,skipped,yes,skipped,skipped,skipped,,,,,,,2026-05-14 22:24:59.964,,
73,1778789934512-n8hlx8dkg,2026-05-14 20:25:19.394+00,moderate,occasionally,periodically,function,The Functional Minimalist,35,51,100,41,C,jeans-trousers,bought-secondhand,21-50,,,,,,3,,,,,,doesnt-fit,donate-charity,,,,,2026-05-14 22:25:19.394,,
74,1778793353507-fpi3yoc27,2026-05-14 21:16:36.612+00,minimal,rarely,rarely,function,The Conscious Curator,43,63,100,87,A,t-shirt,bought-secondhand,51-100,not-used-last-year,not-in-use; special-occasions; home,,on-sale,,,,,,,,,,,,,,2026-05-14 23:16:36.612,,
75,1778793353507-fpi3yoc27,2026-05-14 21:17:43.845+00,minimal,rarely,rarely,function,The Conscious Curator,43,63,100,87,B,shorts,bought-secondhand,1-20,once-each-season,not-in-use,,,,5-6-years,skipped,no,when-dirty,no-but-would,skipped,,,,,,,2026-05-14 23:17:43.845,,
76,1778793353507-fpi3yoc27,2026-05-14 21:17:56.237+00,minimal,rarely,rarely,function,The Conscious Curator,43,63,100,87,C,shorts,gift,free,,,,,,skipped,,,,,,waiting-occasion,textile-bins,,,,,2026-05-14 23:17:56.237,,
77,1778802681220-tzry84nve,2026-05-14 23:54:03.508+00,moderate,occasionally,periodically,emotion,The Identity Collector,73,69,65,57,A,jacket-coat,bought-secondhand,51-100,once-each-season,special-occasions; leisure,,wanted-new,,,,,,,,,,,,,,2026-05-15 01:54:03.508,,
78,1778802681220-tzry84nve,2026-05-14 23:57:11.34+00,moderate,occasionally,periodically,emotion,The Identity Collector,73,69,65,57,B,jeans-trousers,bought-secondhand,51-100,once-a-month,special-occasions; leisure,,,,1-2-years,"Very elegant, comfy, and nice tactile feeling",no,when-dirty,yes-professionally,Kenzo,,,,,,,2026-05-15 01:57:11.34,,
79,1778802681220-tzry84nve,2026-05-14 23:59:15.118+00,moderate,occasionally,periodically,emotion,The Identity Collector,73,69,65,57,C,sweater-jumper,bought-new,21-50,,,,,,4,,,,,,out-of-style,sell-it,,,,,2026-05-15 01:59:15.118,,
80,1778840082566-6qigxm648,2026-05-15 10:16:06.043+00,moderate,occasionally,rarely,emotion,The Identity Collector,63,65,51,51,A,jeans-trousers,bought-new,1-20,once-a-month,leisure,,wanted-new,,,,,,,,,,,,,,2026-05-15 12:16:06.043,,
81,1778840082566-6qigxm648,2026-05-15 10:17:10.016+00,moderate,occasionally,rarely,emotion,The Identity Collector,63,65,51,51,B,dress,bought-new,1-20,once-a-month,leisure; special-occasions,,,,1-2-years,skipped,no,skipped,no,skipped,,,,,,,2026-05-15 12:17:10.016,,
82,1778863555372-cemxvq268,2026-05-15 16:48:30.643+00,minimal,occasionally,rarely,function,The Balanced Adapter,51,65,97,61,A,dress,bought-new,21-50,once-each-season,special-occasions,,on-sale,,,,,,,,,,,,,,2026-05-15 18:48:30.643,,
83,1778863555372-cemxvq268,2026-05-15 16:50:04.551+00,minimal,occasionally,rarely,function,The Balanced Adapter,51,65,97,61,B,jeans-trousers,bought-new,1-20,once-a-month,leisure; home,,,,5-6-years,It's comfortable.,no,few-times,no-but-would,No name brand,,,,,,,2026-05-15 18:50:04.551,,
84,1778863555372-cemxvq268,2026-05-15 16:50:48.712+00,minimal,occasionally,rarely,function,The Balanced Adapter,51,65,97,61,C,t-shirt,,1-20,,,,,,5,,,,,,damaged-worn-out,gift-friends-family,,,,,2026-05-15 18:50:48.712,,
85,1779042632884-9ol2qawnq,2026-05-17 18:32:40.937+00,extensive,frequently,regularly,emotion,The Social Chameleon,73,73,69,100,A,dress,bought-new,51-100,once-a-month,work; special-occasions,,wanted-new,,,,,,,,,,,,,,2026-05-17 20:32:40.937,,
86,1779042632884-9ol2qawnq,2026-05-17 18:34:46.84+00,extensive,frequently,regularly,emotion,The Social Chameleon,73,73,69,100,B,jumpsuit,bought-new,100+,once-each-season,special-occasions,,,,1-2-years,A gift from husband,yes,when-dirty,no-but-would,River Island,,,,,,,2026-05-17 20:34:46.84,,
87,1779042632884-9ol2qawnq,2026-05-17 18:35:40.721+00,extensive,frequently,regularly,emotion,The Social Chameleon,73,73,69,100,C,dress,bought-new,51-100,,,,,,5,,,,,,dont-like-anymore,textile-bins,,,,,2026-05-17 20:35:40.721,,
88,1779043050087-0tx0mfi9m,2026-05-17 18:38:47.495+00,minimal,rarely,periodically,function,The Functional Minimalist,51,55,100,57,A,jacket-coat,bought-secondhand,21-50,once-a-week,work; special-occasions; home,,on-sale,,,,,,,,,,,,,,2026-05-17 20:38:47.495,,
89,1779043050087-0tx0mfi9m,2026-05-17 18:40:11.271+00,minimal,rarely,periodically,function,The Functional Minimalist,51,55,100,57,B,jeans-trousers,bought-new,51-100,once-a-week,special-occasions; work,,,,5-6-years,i love the material,yes,few-times,yes-professionally,M&S,,,,,,,2026-05-17 20:40:11.271,,
90,1779043050087-0tx0mfi9m,2026-05-17 18:40:51.809+00,minimal,rarely,periodically,function,The Functional Minimalist,51,55,100,57,C,blazer,bought-new,21-50,,,,,,6,,,,,,doesnt-fit,gift-friends-family,,,,,2026-05-17 20:40:51.809,,
91,1779044524873-gkx8b7ohw,2026-05-17 19:03:41.032+00,minimal,occasionally,periodically,function,The Functional Minimalist,47,35,100,63,A,jeans-trousers,bought-secondhand,1-20,once-a-week,work,,wanted-new,,,,,,,,,,,,,,2026-05-17 21:03:41.032,,
92,1779044524873-gkx8b7ohw,2026-05-17 19:04:46.649+00,minimal,occasionally,periodically,function,The Functional Minimalist,47,35,100,63,B,t-shirt,bought-new,1-20,once-a-week,work,,,,less-1-year,skipped,no,skipped,no,skipped,,,,,,,2026-05-17 21:04:46.649,,
93,1779044524873-gkx8b7ohw,2026-05-17 19:05:39.496+00,minimal,occasionally,periodically,function,The Functional Minimalist,47,35,100,63,C,jeans-trousers,bought-new,1-20,,,,,,skipped,,,,,,damaged-worn-out,textile-bins,,,,,2026-05-17 21:05:39.496,,
94,1779044505153-ddvzo88zb,2026-05-17 19:04:09.582+00,minimal,rarely,periodically,emotion,The Balanced Adapter,51,79,79,57,A,t-shirt,gift,,once-each-season,special-occasions,,other,Gift from wifey,,,,,,,,,,,,,2026-05-17 21:04:09.582,,
95,1779044505153-ddvzo88zb,2026-05-17 19:06:37.636+00,minimal,rarely,periodically,emotion,The Balanced Adapter,51,79,79,57,B,jeans-trousers,bought-new,21-50,once-a-week,leisure,,,,1-2-years,Baggy,no,when-dirty,no,Boohooman,,,,,,,2026-05-17 21:06:37.636,,
96,1779044505153-ddvzo88zb,2026-05-17 19:08:20.836+00,minimal,rarely,periodically,emotion,The Balanced Adapter,51,79,79,57,C,t-shirt,bought-secondhand,21-50,,,,,,4,,,,,,damaged-worn-out,textile-bins,,,,,2026-05-17 21:08:20.836,,
97,1779044674047-ovxqkglj4,2026-05-17 19:06:50.194+00,moderate,occasionally,periodically,function,The Functional Minimalist,61,45,100,51,A,jeans-trousers,bought-secondhand,1-20,once-a-week,work; home; leisure,,replace-similar,,,,,,,,,,,,,,2026-05-17 21:06:50.194,,
98,1779044674047-ovxqkglj4,2026-05-17 19:08:36.233+00,moderate,occasionally,periodically,function,The Functional Minimalist,61,45,100,51,B,blazer,bought-new,100+,once-each-season,special-occasions; work; leisure,,,,1-2-years,skipped,no,few-times,no,skipped,,,,,,,2026-05-17 21:08:36.233,,
99,1779044674047-ovxqkglj4,2026-05-17 19:09:37.34+00,moderate,occasionally,periodically,function,The Functional Minimalist,61,45,100,51,C,jacket-coat,bought-new,21-50,,,,,,4,,,,,,out-of-style,donate-charity,,,,,2026-05-17 21:09:37.34,,
100,1779047337821-vc30mgwwy,2026-05-17 19:50:25.309+00,moderate,occasionally,rarely,emotion,The Balanced Adapter,51,65,81,65,A,t-shirt,bought-new,1-20,once-a-week,leisure,,replace-similar,,,,,,,,,,,,,,2026-05-17 21:50:25.309,,
101,1779047337821-vc30mgwwy,2026-05-17 19:51:38.965+00,moderate,occasionally,rarely,emotion,The Balanced Adapter,51,65,81,65,B,dress,bought-new,21-50,once-a-month,special-occasions,,,,less-1-year,skipped,yes,few-times,no,skipped,,,,,,,2026-05-17 21:51:38.965,,
102,1779047337821-vc30mgwwy,2026-05-17 19:52:23.455+00,moderate,occasionally,rarely,emotion,The Balanced Adapter,51,65,81,65,C,skipped,bought-new,21-50,,,,,,2,,,,,,doesnt-fit,textile-bins,,,,,2026-05-17 21:52:23.455,,
103,1779048149263-4pvruk0dw,2026-05-17 20:04:13.7+00,moderate,occasionally,periodically,function,The Functional Minimalist,65,35,71,87,A,dress,bought-new,21-50,not-used-last-year,not-in-use,,wanted-new,,,,,,,,,,,,,,2026-05-17 22:04:13.7,,
104,1779048149263-4pvruk0dw,2026-05-17 20:05:30.614+00,moderate,occasionally,periodically,function,The Functional Minimalist,65,35,71,87,B,jeans-trousers,bought-new,21-50,once-a-month,work; leisure; special-occasions,,,,1-2-years,skipped,no,when-dirty,no,skipped,,,,,,,2026-05-17 22:05:30.614,,
105,1779048149263-4pvruk0dw,2026-05-17 20:06:31.851+00,moderate,occasionally,periodically,function,The Functional Minimalist,65,35,71,87,C,jacket-coat,bought-new,51-100,,,,,,3,,,,,,out-of-style,textile-bins,,,,,2026-05-17 22:06:31.851,,
106,1779091187974-rgw3diurg,2026-05-18 08:02:25.689+00,extensive,occasionally,rarely,social,The Social Chameleon,83,71,59,69,A,dress,bought-new,1-20,once-each-season,special-occasions; work,,wanted-new,,,,,,,,,,,,,,2026-05-18 10:02:25.689,,
107,1779091187974-rgw3diurg,2026-05-18 08:03:43.394+00,extensive,occasionally,rarely,social,The Social Chameleon,83,71,59,69,B,2 piece,bought-new,,once-each-season,special-occasions,,,,less-1-year,2 piece,no,when-dirty,yes-myself,skipped,,,,,,,2026-05-18 10:03:43.394,,
108,1779091187974-rgw3diurg,2026-05-18 08:04:28.914+00,extensive,occasionally,rarely,social,The Social Chameleon,83,71,59,69,C,t-shirt,bought-new,1-20,,,,,,5,,,,,,doesnt-fit,donate-charity,,,,,2026-05-18 10:04:28.914,,
109,1779095034139-cnkw7nmfz,2026-05-18 09:05:12.443+00,moderate,rarely,periodically,function,The Functional Minimalist,47,41,100,57,A,jeans-trousers,bought-new,21-50,once-a-week,work,,wanted-new,,,,,,,,,,,,,,2026-05-18 11:05:12.443,,
110,1779095034139-cnkw7nmfz,2026-05-18 09:06:20.236+00,moderate,rarely,periodically,function,The Functional Minimalist,47,41,100,57,B,shorts,bought-new,1-20,once-a-week,sport,,,,less-1-year,skipped,no,every-time,no,skipped,,,,,,,2026-05-18 11:06:20.236,,
111,1779095034139-cnkw7nmfz,2026-05-18 09:07:17.86+00,moderate,rarely,periodically,function,The Functional Minimalist,47,41,100,57,C,t-shirt,bought-new,21-50,,,,,,skipped,,,,,,doesnt-fit,gift-friends-family,,,,,2026-05-18 11:07:17.86,,
112,1779099457125-eq8uhvoxs,2026-05-18 10:17:58.036+00,moderate,occasionally,periodically,emotion,The Social Chameleon,73,69,73,63,A,jeans-trousers,bought-new,100+,once-a-week,leisure,,wanted-new,,,,,,,,,,,,,,2026-05-18 12:17:58.036,,
113,1779099457125-eq8uhvoxs,2026-05-18 10:19:33.905+00,moderate,occasionally,periodically,emotion,The Social Chameleon,73,69,73,63,B,shirt-blouse,bought-new,100+,once-a-week,leisure,,,,1-2-years,skipped,no,every-time,yes-myself,skipped,,,,,,,2026-05-18 12:19:33.905,,
114,1779099457125-eq8uhvoxs,2026-05-18 10:19:50.468+00,moderate,occasionally,periodically,emotion,The Social Chameleon,73,69,73,63,C,shorts,,21-50,,,,,,4,,,,,,dont-like-anymore,sell-it,,,,,2026-05-18 12:19:50.468,,
115,1779099974298-c7wytegds,2026-05-18 10:29:56.948+00,minimal,rarely,rarely,social,The Balanced Adapter,55,45,53,55,A,,,,,not-in-use,,,,,,,,,,,,,,,,2026-05-18 12:29:56.948,,
116,1779099974298-c7wytegds,2026-05-18 10:30:20.398+00,minimal,rarely,rarely,social,The Balanced Adapter,55,45,53,55,B,other,,,,not-in-use,,,,,skipped,no,,,skipped,,,,,,,2026-05-18 12:30:20.398,,
117,1779103144861-ck1e6xj1l,2026-05-18 11:20:35.423+00,extensive,occasionally,rarely,emotion,The Conscious Curator,61,79,49,79,A,shirt-blouse,bought-new,21-50,once-each-season,special-occasions,,on-sale,,,,,,,,,,,,,,2026-05-18 13:20:35.423,,
118,1779103144861-ck1e6xj1l,2026-05-18 11:21:49.248+00,extensive,occasionally,rarely,emotion,The Conscious Curator,61,79,49,79,B,t-shirt,bought-secondhand,1-20,once-a-month,leisure,,,,3-4-years,I love the colour it fits perfectly it was €1 and I bought it while shopping with my best friend,no,few-times,,skipped,,,,,,,2026-05-18 13:21:49.248,,
119,1779103144861-ck1e6xj1l,2026-05-18 11:22:39.08+00,extensive,occasionally,rarely,emotion,The Conscious Curator,61,79,49,79,C,sweater-jumper,borrowed-shared-rented,free,,,,,,2,,,,,,dont-like-anymore,textile-bins,,,,,2026-05-18 13:22:39.08,,
120,1779107833573-4048a5n03,2026-05-18 12:38:27.556+00,minimal,rarely,rarely,function,The Memory Keeper,53,73,100,41,A,jeans-trousers,bought-new,20,once-a-week,work,,replace-similar,,,,,,,,,,,,,,2026-05-18 14:38:27.556,,
121,1779107833573-4048a5n03,2026-05-18 12:39:01.769+00,minimal,rarely,rarely,function,The Memory Keeper,53,73,100,41,B,jacket-coat,bought-secondhand,32,once-a-month,home; leisure,,,,3-4-years,comfortable,,when-dirty,,,,,,,,,2026-05-18 14:39:01.769,,
127,1779258150168-0w8dtv5ik,2026-05-20 06:24:19.663+00,moderate,rarely,rarely,function,The Balanced Adapter,43,65,100,67,A,shirt-blouse,bought-new,21-50,once-a-week,work,,on-sale,,,,,,,,,,,,,,2026-05-20 08:24:19.663,,
128,1779258150168-0w8dtv5ik,2026-05-20 06:25:36.062+00,moderate,rarely,rarely,function,The Balanced Adapter,43,65,100,67,B,jeans-trousers,bought-new,1-20,once-a-week,work; home; leisure,,,,1-2-years,versatile,no,few-times,yes-professionally,Primark,,,,,,,2026-05-20 08:25:36.062,,
129,1779258150168-0w8dtv5ik,2026-05-20 06:26:38.11+00,moderate,rarely,rarely,function,The Balanced Adapter,43,65,100,67,C,jacket-coat,bought-new,51-100,,,,,,4,,,,,,damaged-worn-out,donate-charity,,,,,2026-05-20 08:26:38.11,,
130,1779288241108-7ilnm6ngt,2026-05-20 14:45:34.403+00,moderate,occasionally,periodically,function,The Functional Minimalist,43,55,77,63,A,Skirt,bought-new,1,once-each-season,work,,on-sale,,,,,,,,,,,,,,2026-05-20 16:45:34.403,,
131,1779288241108-7ilnm6ngt,2026-05-20 14:46:52.221+00,moderate,occasionally,periodically,function,The Functional Minimalist,43,55,77,63,B,dress,bought-new,30,once-a-month,leisure,,,,1-2-years,comfortable,,every-time,no,,,,,,,,2026-05-20 16:46:52.221,,
132,1779288241108-7ilnm6ngt,2026-05-20 14:47:18.049+00,moderate,occasionally,periodically,function,The Functional Minimalist,43,55,77,63,C,jeans-trousers,bought-new,40,,,,,,2,,,,,,doesnt-fit,donate-charity,,,,,2026-05-20 16:47:18.049,,
133,1779787673791-h8igac848,2026-05-26 09:28:37.896+00,minimal,rarely,rarely,function,The Functional Minimalist,43,45,87,59,A,t-shirt,bought-new,63,once-a-week,not-in-use; special-occasions,,on-sale,,,,,,,,,,,,,,2026-05-26 11:28:37.896,,
134,1779790032828-46e46pkrr,2026-05-26 10:09:08.172+00,minimal,rarely,rarely,function,The Balanced Adapter,43,75,100,65,A,t-shirt,made-it,67,once-a-week,home,,other,I WAS BORED,,,,,,,,,,,,,2026-05-26 12:09:08.172,,
135,1779790032828-46e46pkrr,2026-05-26 10:11:06.071+00,minimal,rarely,rarely,function,The Balanced Adapter,43,75,100,65,B,jeans-trousers,gift,60,not-used-last-year,not-in-use; special-occasions; work,,,,7-plus-years,easy-to-style; personal-emotional,,few-times,yes-myself,,,,,,,,2026-05-26 12:11:06.071,,
136,1779790032828-46e46pkrr,2026-05-26 10:11:44.486+00,minimal,rarely,rarely,function,The Balanced Adapter,43,75,100,65,C,shorts,borrowed-shared-rented,700,,,,,,91,,,,,,other,textile-bins,,,,HI,2026-05-26 12:11:44.486,,
137,1779790426420-i05zieald,2026-05-26 10:15:44.152+00,minimal,rarely,rarely,function,The Balanced Adapter,43,83,100,57,A,jacket-coat,made-it,67,once-a-week,leisure; other,Gardening,other,new gardening cloth,,,,,,,,,,,,,2026-05-26 12:15:44.152,,
138,1779790426420-i05zieald,2026-05-26 10:18:37.682+00,minimal,rarely,rarely,function,The Balanced Adapter,43,83,100,57,B,sweater-jumper,gift,721,not-used-last-year,other,parties,,,7-plus-years,other,,never,yes-myself,,,,,,Gift from loved one,,2026-05-26 12:18:37.682,,
139,1779790426420-i05zieald,2026-05-26 10:19:19.065+00,minimal,rarely,rarely,function,The Balanced Adapter,43,83,100,57,C,dress,made-it,71,,,,,,90,,,,,,other; waiting-occasion; forgot,textile-bins,,,,it got lost,2026-05-26 12:19:19.065,,
140,1779886940436-b3kovdl8o,2026-05-27 13:07:02.203+00,minimal,rarely,rarely,function,The Functional Minimalist,45,59,85,81,A,t-shirt,bought-new,07,not-used-last-year,other,Test,other,test,,,,,,,,,,,,,2026-05-27 15:07:02.203,,
141,1779886940436-b3kovdl8o,2026-05-27 13:10:54.034+00,minimal,rarely,rarely,function,The Functional Minimalist,45,59,85,81,B,t-shirt,made-it,07,not-used-last-year,not-in-use,,,,7-plus-years,other,,skipped,skipped,,,,,,test,,2026-05-27 15:10:54.034,,
142,1779886940436-b3kovdl8o,2026-05-27 13:13:24.751+00,minimal,rarely,rarely,function,The Functional Minimalist,45,59,85,81,C,shoe,made-it,07,,,,,,7,,,,,,dont-like-anymore,textile-bins,,,,,2026-05-27 15:13:24.751,,
143,1779887637449-vel39z2z0,2026-05-27 13:14:23.082+00,minimal,rarely,rarely,function,The Functional Minimalist,45,59,85,93,A,sweater-jumper,made-it,07,not-used-last-year,not-in-use,,on-sale,,,,,,,,,,,,,,2026-05-27 15:14:23.082,,
144,1779887637449-vel39z2z0,2026-05-27 13:14:48.014+00,minimal,rarely,rarely,function,The Functional Minimalist,45,59,85,93,B,shirt-blouse,borrowed-shared-rented,7,not-used-last-year,not-in-use,,,,7-plus-years,personal-emotional,,skipped,skipped,,,,,,,,2026-05-27 15:14:48.014,,
145,1779887637449-vel39z2z0,2026-05-27 13:15:06.081+00,minimal,rarely,rarely,function,The Functional Minimalist,45,59,85,93,C,dress,made-it,6,,,,,,skipped,,,,,,dont-like-anymore,textile-bins,,,,,2026-05-27 15:15:06.081,,
146,1779887715406-4r7epdzom,2026-05-27 13:15:39.348+00,extensive,frequently,regularly,social,The Social Chameleon,81,49,47,100,A,shirt-blouse,made-it,6,not-used-last-year,special-occasions; not-in-use,,on-sale,,,,,,,,,,,,,,2026-05-27 15:15:39.348,,
147,1779887715406-4r7epdzom,2026-05-27 13:16:10.198+00,extensive,frequently,regularly,social,The Social Chameleon,81,49,47,100,B,shirt-blouse,borrowed-shared-rented,65,once-each-season,special-occasions,,,,5-6-years,personal-emotional,,skipped,skipped,,,,,,,,2026-05-27 15:16:10.198,,
148,1779887715406-4r7epdzom,2026-05-27 13:16:46.162+00,extensive,frequently,regularly,social,The Social Chameleon,81,49,47,100,C,shirt-blouse,made-it,6,,,,,,skipped,,,,,,dont-like-anymore,textile-bins,,,,,2026-05-27 15:16:46.162,,
149,1779886601976-0q1cj4me7,2026-05-27 13:06:27.967+00,minimal,rarely,rarely,function,The Functional Minimalist,35,45,85,81,A,t-shirt,bought-new,07,not-used-last-year,other,Test,other,skipped,,,,,,,,,,,,,2026-05-27 15:06:27.967,,
150,1779886601976-0q1cj4me7,2026-05-27 13:11:01.313+00,minimal,rarely,rarely,function,The Functional Minimalist,35,45,85,81,B,t-shirt,made-it,07,not-used-last-year,not-in-use,,,,7-plus-years,skipped,,skipped,skipped,,,,,,,,2026-05-27 15:11:01.313,,
151,1779886601976-0q1cj4me7,2026-05-27 13:22:04.74+00,minimal,rarely,rarely,function,The Functional Minimalist,35,45,85,81,C,shoe,made-it,07,,,,,,7,,,,,,other,textile-bins,,,,skipped,2026-05-27 15:22:04.74,,
152,1779958000360-uizntzl9e,2026-05-28 08:47:08.276+00,minimal,rarely,rarely,function,The Functional Minimalist,45,59,99,81,A,t-shirt,bought-new,50,once-a-week,other,Hi,on-sale,,,,,,,,,,,,,,2026-05-28 10:47:08.276,,
153,1779958000360-uizntzl9e,2026-05-28 08:47:30.149+00,minimal,rarely,rarely,function,The Functional Minimalist,45,59,99,81,B,shirt-blouse,made-it,5,not-used-last-year,not-in-use,,,,7-plus-years,personal-emotional,,never,no,,,,,,,,2026-05-28 10:47:30.149,,
154,1779958000360-uizntzl9e,2026-05-28 08:47:48.472+00,minimal,rarely,rarely,function,The Functional Minimalist,45,59,99,81,C,shirt-blouse,made-it,5,,,,,,skipped,,,,,,dont-like-anymore,sell-it,,,,,2026-05-28 10:47:48.472,,
155,1779958075243-mmjszziwr,2026-05-28 08:48:17.911+00,minimal,rarely,rarely,function,The Functional Minimalist,43,45,95,59,A,t-shirt,bought-new,50,once-a-week,home; not-in-use; special-occasions,,on-sale,,,,,,,,,,,,,,2026-05-28 10:48:17.911,,
156,1779958103061-wrlgckmr7,2026-05-28 08:48:45.712+00,minimal,rarely,rarely,function,The Functional Minimalist,43,45,87,51,A,t-shirt,bought-new,50,once-a-week,special-occasions,,on-sale,,,,,,,,,,,,,,2026-05-28 10:48:45.712,,
157,1779959410211-hbfkccblu,2026-05-28 09:11:12.427+00,minimal,rarely,rarely,function,The Identity Collector,65,69,91,67,A,t-shirt,gift,52,not-used-last-year,work; special-occasions,,wanted-new,,,,,,,,,,,,,,2026-05-28 11:11:12.427,,
158,1779959410211-hbfkccblu,2026-05-28 09:11:51.187+00,minimal,rarely,rarely,function,The Identity Collector,65,69,91,67,B,shorts,borrowed-shared-rented,25,not-used-last-year,other,Test,,,3-4-years,confident,,never,no-but-would,,,,,,,,2026-05-28 11:11:51.187,,
159,1779959410211-hbfkccblu,2026-05-28 09:12:12.992+00,minimal,rarely,rarely,function,The Identity Collector,65,69,91,67,C,dress,borrowed-shared-rented,52,,,,,,67,,,,,,dont-like-anymore; other,textile-bins,,,,Shey,2026-05-28 11:12:12.992,,
160,1779984164660-spf5tynck,2026-05-28 16:03:27.087+00,moderate,occasionally,periodically,emotion,The Identity Collector,73,69,79,59,A,jeans-trousers,bought-new,150,once-a-week,leisure,,wanted-new,,,,,,,,,,,,,,2026-05-28 18:03:27.087,,
161,1779984164660-spf5tynck,2026-05-28 16:04:12.593+00,moderate,occasionally,periodically,emotion,The Identity Collector,73,69,79,59,B,t-shirt,bought-secondhand,75,once-a-week,leisure,,,,less-1-year,confident,,every-time,no-but-would,,,,,,,,2026-05-28 18:04:12.593,,
162,1779984164660-spf5tynck,2026-05-28 16:04:49.04+00,moderate,occasionally,periodically,emotion,The Identity Collector,73,69,79,59,C,shirt-blouse,bought-new,170,,,,,,2,,,,,,dont-like-anymore,sell-it,,,,,2026-05-28 18:04:49.04,,
163,1780163504663-wuod56lvg,2026-05-30 18:00:33.243+00,moderate,occasionally,periodically,emotion,The Social Chameleon,73,75,73,65,A,sneakers,bought-new,170,once-a-week,leisure,,wanted-new,,,,,,,,,,,,,,2026-05-30 20:00:33.243,,
164,1780163504663-wuod56lvg,2026-05-30 18:03:39.74+00,moderate,occasionally,periodically,emotion,The Social Chameleon,73,75,73,65,B,jeans-trousers,bought-new,200,once-a-week,leisure,,,,1-2-years,confident,,few-times,yes-myself,,,,,,,,2026-05-30 20:03:39.74,,
165,1780163504663-wuod56lvg,2026-05-30 18:04:55.74+00,moderate,occasionally,periodically,emotion,The Social Chameleon,73,75,73,65,C,shirt-blouse,bought-new,120,,,,,,1,,,,,,dont-like-anymore,sell-it,,,,,2026-05-30 20:04:55.74,,
166,1780165049341-yklha9ijq,2026-05-30 18:21:45.595+00,moderate,occasionally,periodically,emotion,The Identity Collector,73,69,79,59,A,t-shirt,bought-secondhand,75,once-a-week,leisure,,wanted-new,,,,,,,,,,,,,,2026-05-30 20:21:45.595,,
167,1780165049341-yklha9ijq,2026-05-30 18:24:30.954+00,moderate,occasionally,periodically,emotion,The Identity Collector,73,69,79,59,B,jeans-trousers,bought-new,200,once-a-week,leisure,,,,1-2-years,confident; easy-to-style; comfortable,,few-times,no-but-would,,,,,,,,2026-05-30 20:24:30.954,,
168,1780165049341-yklha9ijq,2026-05-30 18:26:14.785+00,moderate,occasionally,periodically,emotion,The Identity Collector,73,69,79,59,C,sweater-jumper,bought-new,140,,,,,,3,,,,,,dont-like-anymore,sell-it,,,,,2026-05-30 20:26:14.785,,
169,1780311841063-smkfb7ix0,2026-06-01 11:05:06.014+00,minimal,occasionally,periodically,emotion,The Conscious Curator,55,75,73,71,A,t-shirt,bought-new,30,not-used-last-year,not-in-use,,wanted-new,,,,,,,,,,,,,,2026-06-01 13:05:06.014,,
170,1780311841063-smkfb7ix0,2026-06-01 11:06:08.442+00,minimal,occasionally,periodically,emotion,The Conscious Curator,55,75,73,71,B,sweater-jumper,bought-new,89,once-a-week,leisure; home; work,,,,less-1-year,easy-to-style,,few-times,no,,,,,,,,2026-06-01 13:06:08.442,,
171,1780311841063-smkfb7ix0,2026-06-01 11:06:57.293+00,minimal,occasionally,periodically,emotion,The Conscious Curator,55,75,73,71,C,jeans-trousers,bought-new,90,,,,,,2,,,,,,doesnt-fit,donate-charity,,,,,2026-06-01 13:06:57.293,,
172,1780314529708-n5plfw99m,2026-06-01 11:50:35.944+00,moderate,occasionally,rarely,social,The Social Chameleon,83,59,83,65,A,t-shirt,bought-new,18,once-a-month,work; home; leisure; other,School,wanted-new,,,,,,,,,,,,,,2026-06-01 13:50:35.944,,
173,1780314529708-n5plfw99m,2026-06-01 11:51:26.647+00,moderate,occasionally,rarely,social,The Social Chameleon,83,59,83,65,B,jeans-trousers,bought-new,20,once-a-week,work; special-occasions,,,,1-2-years,confident; easy-to-style; comfortable,,when-dirty,no-but-would,,,,,,,,2026-06-01 13:51:26.647,,
174,1780314529708-n5plfw99m,2026-06-01 11:52:20.802+00,moderate,occasionally,rarely,social,The Social Chameleon,83,59,83,65,C,sweater-jumper,bought-new,25,,,,,,5,,,,,,other,sell-it,,,,I find it hard to style,2026-06-01 13:52:20.802,,
175,1780323577617-r52b7x888,2026-06-01 14:21:01.615+00,minimal,occasionally,rarely,function,The Balanced Adapter,43,65,100,63,A,jacket-coat,bought-new,170,not-used-last-year,work,,replace-similar,,,,,,,,,,,,,,2026-06-01 16:21:01.615,,
176,1780323577617-r52b7x888,2026-06-01 14:22:13.277+00,minimal,occasionally,rarely,function,The Balanced Adapter,43,65,100,63,B,shirt-blouse,bought-new,20,once-a-week,work; leisure,,,,1-2-years,easy-to-style; comfortable,,few-times,no-but-would,,,,,,,,2026-06-01 16:22:13.277,,
177,1780323577617-r52b7x888,2026-06-01 14:22:50.7+00,minimal,occasionally,rarely,function,The Balanced Adapter,43,65,100,63,C,jeans-trousers,bought-new,30,,,,,,2,,,,,,doesnt-fit,donate-charity,,,,,2026-06-01 16:22:50.7,,
178,1780388187038-khcg3zllv,2026-06-02 08:19:07.798+00,extensive,occasionally,rarely,emotion,The Conscious Curator,61,79,89,87,A,jeans-trousers,bought-new,40,once-a-month,home; leisure; other; special-occasions,School,on-sale,,,,,,,,,,,,,,2026-06-02 10:19:07.798,,
179,1780388187038-khcg3zllv,2026-06-02 08:20:42.109+00,extensive,occasionally,rarely,emotion,The Conscious Curator,61,79,89,87,B,jeans-trousers,bought-new,50,once-a-week,home; leisure; special-occasions; other,School,,,less-1-year,easy-to-style,,few-times,no-but-would,,,,,,,,2026-06-02 10:20:42.109,,
180,1780388187038-khcg3zllv,2026-06-02 08:23:54.06+00,extensive,occasionally,rarely,emotion,The Conscious Curator,61,79,89,87,C,t-shirt,bought-new,30,,,,,,2,,,,,,doesnt-fit; dont-like-anymore,sell-it,,,,,2026-06-02 10:23:54.06,,
181,1780400912585-cfdp1nejs,2026-06-02 11:49:55.397+00,moderate,occasionally,periodically,emotion,The Balanced Adapter,55,55,63,35,A,jacket-coat,bought-secondhand,80,once-a-week,leisure; special-occasions; work; sport,,wanted-new,,,,,,,,,,,,,,2026-06-02 13:49:55.397,,
182,1780401805386-cm3izl7u8,2026-06-02 12:03:52.03+00,minimal,rarely,rarely,function,The Functional Minimalist,53,59,99,89,A,t-shirt,bought-new,07,once-a-week,not-in-use,,on-sale,,,,,,,,,,,,,,2026-06-02 14:03:52.03,,
183,1780401805386-cm3izl7u8,2026-06-02 12:04:16.996+00,minimal,rarely,rarely,function,The Functional Minimalist,53,59,99,89,B,shorts,bought-secondhand,07,not-used-last-year,not-in-use; special-occasions,,,,7-plus-years,personal-emotional,,never,no,,,,,,,,2026-06-02 14:04:16.996,,
184,1780401805386-cm3izl7u8,2026-06-02 12:04:41.53+00,minimal,rarely,rarely,function,The Functional Minimalist,53,59,99,89,C,shorts,made-it,07,,,,,,07,,,,,,dont-like-anymore,sell-it,,,,,2026-06-02 14:04:41.53,,
185,1780405925418-dirq0dx77,2026-06-02 13:13:54.666+00,extensive,occasionally,periodically,function,The Functional Minimalist,63,49,99,53,A,t-shirt,bought-secondhand,5,once-a-week,leisure,,wanted-new,,,,,,,,,,,,,,2026-06-02 15:13:54.666,,
186,1780405925418-dirq0dx77,2026-06-02 13:14:35.908+00,extensive,occasionally,periodically,function,The Functional Minimalist,63,49,99,53,B,jeans-trousers,bought-new,20,once-a-week,leisure,,,,1-2-years,comfortable,,few-times,yes-professionally,,,,,,,,2026-06-02 15:14:35.908,,
187,1780406051157-77a5qndg9,2026-06-02 13:15:16.035+00,minimal,rarely,periodically,function,The Functional Minimalist,51,49,100,65,A,jeans-trousers,bought-new,25,once-a-week,work; leisure; special-occasions,,replace-similar,,,,,,,,,,,,,,2026-06-02 15:15:16.035,,
188,1780406051157-77a5qndg9,2026-06-02 13:16:49.635+00,minimal,rarely,periodically,function,The Functional Minimalist,51,49,100,65,B,Shoes,bought-new,70,once-a-week,leisure; work; special-occasions,,,,less-1-year,comfortable,,when-dirty,no,,,,,,,,2026-06-02 15:16:49.635,,
189,1780406051157-77a5qndg9,2026-06-02 13:17:44.556+00,minimal,rarely,periodically,function,The Functional Minimalist,51,49,100,65,C,Slippers,bought-new,5,,,,,,2,,,,,,doesnt-fit,textile-bins,,,,,2026-06-02 15:17:44.556,,
190,1780406273345-35y276zzb,2026-06-02 13:19:15.315+00,moderate,occasionally,rarely,social,The Memory Keeper,83,71,81,53,A,jeans-trousers,bought-new,40,once-a-week,work; special-occasions,,wanted-new,,,,,,,,,,,,,,2026-06-02 15:19:15.315,,
191,1780406273345-35y276zzb,2026-06-02 13:20:25.558+00,moderate,occasionally,rarely,social,The Memory Keeper,83,71,81,53,B,sweater-jumper,bought-new,12,once-each-season,special-occasions; work,,,,5-6-years,confident; other,,few-times,yes-myself,,,,,,Stylish,,2026-06-02 15:20:25.558,,
192,1780406273345-35y276zzb,2026-06-02 13:21:03.941+00,moderate,occasionally,rarely,social,The Memory Keeper,83,71,81,53,C,sweater-jumper,bought-new,15,,,,,,7,,,,,,doesnt-fit,donate-charity,,,,,2026-06-02 15:21:03.941,,
193,1780406471585-jw8xfxhtk,2026-06-02 13:22:20.162+00,moderate,frequently,rarely,emotion,The Conscious Curator,63,100,65,71,A,Scarf,bought-new,14,once-a-month,leisure,,wanted-new,,,,,,,,,,,,,,2026-06-02 15:22:20.162,,
194,1780406471585-jw8xfxhtk,2026-06-02 13:23:37.921+00,moderate,frequently,rarely,emotion,The Conscious Curator,63,100,65,71,B,jacket-coat,bought-secondhand,100,not-used-last-year,special-occasions,,,,3-4-years,confident; personal-emotional,,when-dirty,yes-professionally,,,,,,,,2026-06-02 15:23:37.921,,
195,1780406471585-jw8xfxhtk,2026-06-02 13:24:24.517+00,moderate,frequently,rarely,emotion,The Conscious Curator,63,100,65,71,C,Sneakers,gift,0,,,,,,5,,,,,,doesnt-fit; waiting-occasion,donate-charity,,,,,2026-06-02 15:24:24.517,,
196,1780408629230-55xj05t8b,2026-06-02 13:58:49.508+00,moderate,occasionally,rarely,function,The Identity Collector,65,65,87,47,A,Skirt,bought-secondhand,0,once-each-season,leisure,,wanted-new,,,,,,,,,,,,,,2026-06-02 15:58:49.508,,
197,1780408629230-55xj05t8b,2026-06-02 13:59:34.361+00,moderate,occasionally,rarely,function,The Identity Collector,65,65,87,47,B,jacket-coat,bought-new,50,once-a-month,work,,,,less-1-year,confident,,never,no-but-would,,,,,,,,2026-06-02 15:59:34.361,,
198,1780408629230-55xj05t8b,2026-06-02 14:00:21.129+00,moderate,occasionally,rarely,function,The Identity Collector,65,65,87,47,C,sweater-jumper,bought-new,10,,,,,,5,,,,,,dont-like-anymore,donate-charity,,,,,2026-06-02 16:00:21.129,,
199,1780420233926-03sa56z4e,2026-06-02 17:16:34.737+00,minimal,frequently,rarely,function,The Conscious Curator,51,69,100,91,A,sweater-jumper,bought-secondhand,2,once-each-season,not-in-use; special-occasions; home,,on-sale,,,,,,,,,,,,,,2026-06-02 19:16:34.737,,
200,1780420233926-03sa56z4e,2026-06-02 17:21:12.912+00,minimal,frequently,rarely,function,The Conscious Curator,51,69,100,91,B,Hijab,gift,25,once-a-week,sport; work; leisure; special-occasions,,,,less-1-year,other,,few-times,no-but-would,,,,,,Represents my values,,2026-06-02 19:21:12.912,,
201,1780420233926-03sa56z4e,2026-06-02 17:25:27.287+00,minimal,frequently,rarely,function,The Conscious Curator,51,69,100,91,C,Abaya,bought-new,40,,,,,,1,,,,,,other,sell-it,,,,I was worried about being judged by others,2026-06-02 19:25:27.287,,
202,1780430482779-zh8pjgnfv,2026-06-02 20:04:35.693+00,minimal,rarely,periodically,emotion,The Balanced Adapter,55,69,83,47,A,t-shirt,bought-new,32,once-a-month,special-occasions,,wanted-new,,,,,,,,,,,,,,2026-06-02 22:04:35.693,,
203,1780430482779-zh8pjgnfv,2026-06-02 20:06:01.515+00,minimal,rarely,periodically,emotion,The Balanced Adapter,55,69,83,47,B,jeans-trousers,bought-new,15,once-a-week,work,,,,less-1-year,easy-to-style,,when-dirty,no,,,,,,,,2026-06-02 22:06:01.515,,
204,1780461315675-fxjd43caj,2026-06-03 04:37:10.674+00,minimal,rarely,rarely,emotion,The Social Chameleon,73,85,85,73,A,jacket-coat,bought-new,150,once-a-month,special-occasions,,wanted-new,,,,,,,,,,,,,,2026-06-03 06:37:10.674,,
205,1780461315675-fxjd43caj,2026-06-03 04:38:26.443+00,minimal,rarely,rarely,emotion,The Social Chameleon,73,85,85,73,B,t-shirt,bought-new,10,once-a-week,leisure; not-in-use,,,,7-plus-years,confident,,few-times,yes-myself,,,,,,,,2026-06-03 06:38:26.443,,
206,1780461315675-fxjd43caj,2026-06-03 04:39:37.528+00,minimal,rarely,rarely,emotion,The Social Chameleon,73,85,85,73,C,jacket-coat,bought-new,25,,,,,,5,,,,,,out-of-style; dont-like-anymore,textile-bins,,,,,2026-06-03 06:39:37.528,,
207,1780476529592-15qb2fbvw,2026-06-03 08:52:22.506+00,moderate,occasionally,periodically,function,The Identity Collector,65,65,95,41,A,dress,bought-secondhand,1,once-a-month,special-occasions,,wanted-new,,,,,,,,,,,,,,2026-06-03 10:52:22.506,,
208,1780476529592-15qb2fbvw,2026-06-03 09:21:26.014+00,moderate,occasionally,periodically,function,The Identity Collector,65,65,95,41,B,jacket-coat,gift,0,once-a-month,work,,,,3-4-years,comfortable; confident; personal-emotional,,when-dirty,no-but-would,,,,,,,,2026-06-03 11:21:26.014,,
209,1780476529592-15qb2fbvw,2026-06-03 09:22:08.039+00,moderate,occasionally,periodically,function,The Identity Collector,65,65,95,41,C,jeans-trousers,bought-new,3,,,,,,3,,,,,,dont-like-anymore,donate-charity,,,,,2026-06-03 11:22:08.039,,
210,1780474942772-arahg5w75,2026-06-03 08:24:14.367+00,extensive,occasionally,rarely,emotion,The Identity Collector,73,100,77,59,A,dress,bought-new,60,once-a-month,home; leisure; work; special-occasions,,wanted-new,,,,,,,,,,,,,,2026-06-03 10:24:14.367,,
211,1780474942772-arahg5w75,2026-06-03 11:10:07.657+00,extensive,occasionally,rarely,emotion,The Identity Collector,73,100,77,59,B,dress,gift,200,once-a-month,home; leisure; work; special-occasions,,,,3-4-years,comfortable; easy-to-style; confident; personal-emotional,,few-times,yes-myself,,,,,,,,2026-06-03 13:10:07.657,,
212,1780474942772-arahg5w75,2026-06-03 11:11:20.642+00,extensive,occasionally,rarely,emotion,The Identity Collector,73,100,77,59,C,sweater-jumper,bought-new,20,,,,,,10,,,,,,dont-like-anymore,donate-charity,,,,,2026-06-03 13:11:20.642,,
213,1780489500085-0ymi8xpx9,2026-06-03 12:27:12.408+00,moderate,occasionally,periodically,emotion,The Balanced Adapter,51,69,89,65,A,dress,bought-new,15,once-a-month,home; leisure; special-occasions,,other,"It fit my style and I do not own a lot of dresses, even though I really like them",,,,,,,,,,,,,2026-06-03 14:27:12.408,,
214,1780489500085-0ymi8xpx9,2026-06-03 12:32:50.822+00,moderate,occasionally,periodically,emotion,The Balanced Adapter,51,69,89,65,B,jeans-trousers,bought-new,20,once-a-week,home; leisure; other,School,,,1-2-years,comfortable; easy-to-style; confident,,few-times,no-but-would,,,,,,,,2026-06-03 14:32:50.822,,
215,1780489500085-0ymi8xpx9,2026-06-03 12:34:30.066+00,moderate,occasionally,periodically,emotion,The Balanced Adapter,51,69,89,65,C,Pyjama,bought-new,12.99,,,,,,4,,,,,,damaged-worn-out,textile-bins,,,,,2026-06-03 14:34:30.066,,
216,1780495410458-rak0k01gr,2026-06-03 14:09:08.926+00,extensive,occasionally,periodically,emotion,The Memory Keeper,63,87,100,53,A,Skirt,bought-secondhand,6,once-a-month,home; work; special-occasions; leisure,,wanted-new,,,,,,,,,,,,,,2026-06-03 16:09:08.926,,
217,1780495410458-rak0k01gr,2026-06-03 14:13:17.684+00,extensive,occasionally,periodically,emotion,The Memory Keeper,63,87,100,53,B,t-shirt,bought-new,30,once-a-week,home; leisure; sport; work,,,,1-2-years,personal-emotional; comfortable; easy-to-style; confident,,few-times,no-but-would,,,,,,,,2026-06-03 16:13:17.684,,
218,1780495410458-rak0k01gr,2026-06-03 14:16:10.208+00,extensive,occasionally,periodically,emotion,The Memory Keeper,63,87,100,53,C,sweater-jumper,gift,0,,,,,,3,,,,,,doesnt-fit,repair-repurpose,,,,,2026-06-03 16:16:10.208,,
219,1780483446852-di39tty61,2026-06-03 14:47:15.163+00,extensive,rarely,periodically,emotion,The Conscious Curator,51,85,71,81,A,blazer,bought-new,20,not-used-last-year,special-occasions; not-in-use,,on-sale,,,,,,,,,,,,,,2026-06-03 16:47:15.163,,
220,1780483446852-di39tty61,2026-06-03 14:48:22.327+00,extensive,rarely,periodically,emotion,The Conscious Curator,51,85,71,81,B,jacket-coat,borrowed-shared-rented,10,once-a-week,work; special-occasions,,,,3-4-years,comfortable; personal-emotional,,few-times,no,,,,,,,,2026-06-03 16:48:22.327,,
221,1780483446852-di39tty61,2026-06-03 14:49:02.719+00,extensive,rarely,periodically,emotion,The Conscious Curator,51,85,71,81,C,t-shirt,gift,3,,,,,,10,,,,,,doesnt-fit,gift-friends-family,,,,,2026-06-03 16:49:02.719,,
222,1780533123053-sl6oyxaun,2026-06-04 00:32:36.1+00,minimal,rarely,rarely,function,The Functional Minimalist,35,59,85,91,A,t-shirt,bought-new,07,not-used-last-year,not-in-use,,on-sale,,,,,,,,,,,,,,2026-06-04 02:32:36.1,complete,
223,1780533123053-sl6oyxaun,2026-06-04 00:33:42.72+00,minimal,rarely,rarely,function,The Functional Minimalist,35,59,85,91,B,shoe,made-it,07,not-used-last-year,other,07,,,7-plus-years,personal-emotional,,skipped,no,,,,,,,,2026-06-04 02:33:42.72,complete,
224,1780533123053-sl6oyxaun,2026-06-04 00:34:11.805+00,minimal,rarely,rarely,function,The Functional Minimalist,35,59,85,91,C,shorts,made-it,07,,,,,,,,,,,,other,textile-bins,,,,07,2026-06-04 02:34:11.805,complete,7
225,1780557048670-r4rhvnz3z,2026-06-04 07:15:52.488+00,minimal,occasionally,rarely,function,The Functional Minimalist,43,59,100,65,A,jeans-trousers,bought-new,85,once-a-week,home; leisure; work,,replace-similar,,,,,,,,,,,,,,2026-06-04 09:15:52.488,,
226,1780557048670-r4rhvnz3z,2026-06-04 07:18:02.02+00,minimal,occasionally,rarely,function,The Functional Minimalist,43,59,100,65,B,jeans-trousers,bought-new,85,once-a-week,home; sport; work,,,,less-1-year,comfortable; easy-to-style; confident,,when-dirty,no-but-would,,,,,,,,2026-06-04 09:18:02.02,,
227,1780557048670-r4rhvnz3z,2026-06-04 07:18:54.576+00,minimal,occasionally,rarely,function,The Functional Minimalist,43,59,100,65,C,t-shirt,bought-new,30,,,,,,3,,,,,,damaged-worn-out,textile-bins,,,,,2026-06-04 09:18:54.576,,
228,1780562746053-kx0rbb0dl,2026-06-04 08:46:41.527+00,minimal,rarely,rarely,function,The Identity Collector,73,84,49,57,A,t-shirt,bought-new,07,not-used-last-year,home,,replace-similar,,,,,,,,,,,,,,2026-06-04 10:46:41.527,complete,
229,1780562746053-kx0rbb0dl,2026-06-04 08:47:09.408+00,minimal,rarely,rarely,function,The Identity Collector,73,84,49,57,B,jacket-coat,made-it,07,once-a-week,not-in-use; special-occasions; work,,,,7-plus-years,personal-emotional; confident,,few-times,no-but-would,,,,,,,,2026-06-04 10:47:09.408,complete,
230,1780562746053-kx0rbb0dl,2026-06-04 08:47:41.523+00,minimal,rarely,rarely,function,The Identity Collector,73,84,49,57,C,jacket-coat,gift,06,,,,,,,,,,,,waiting-occasion,sell-it,,,,,2026-06-04 10:47:41.523,complete,1
231,1780563096681-xh008k6hl,2026-06-04 08:51:55.292+00,minimal,rarely,rarely,function,The Functional Minimalist,43,45,73,55,A,shirt-blouse,borrowed-shared-rented,7,not-used-last-year,special-occasions,,on-sale,,,,,,,,,,,,,,2026-06-04 10:51:55.292,,
232,1780566342703-dgjn7ug5o,2026-06-04 09:46:02.641+00,minimal,rarely,rarely,function,The Balanced Adapter,50,50,79,40,A,t-shirt,bought-new,07,once-a-week,home,,replace-similar,,,,,,,,,,,,,,2026-06-04 11:46:02.641,partial,
233,1780566880721-nlwa1zicx,2026-06-04 09:55:17.71+00,minimal,rarely,rarely,function,The Memory Keeper,50,92,42,49,A,t-shirt,bought-new,7,not-used-last-year,home,,replace-similar,,,,,,,,,,,,,,2026-06-04 11:55:17.71,partial,
234,1780566880721-nlwa1zicx,2026-06-04 09:55:57.536+00,minimal,rarely,rarely,function,The Memory Keeper,50,92,42,49,B,shorts,made-it,7,not-used-last-year,other,Hi,,,7-plus-years,personal-emotional; other,,skipped,skipped,,,,,,Hi,,2026-06-04 11:55:57.536,partial,
235,1780566980461-7ags3yb0e,2026-06-04 09:56:54.806+00,minimal,rarely,rarely,function,The Balanced Adapter,50,50,42,21,A,t-shirt,bought-new,07,once-a-week,not-in-use,,on-sale,,,,,,,,,,,,,,2026-06-04 11:56:54.806,partial,
236,1780568562078-7n84r6iho,2026-06-04 10:24:35.675+00,minimal,rarely,rarely,function,The Balanced Adapter,35,65,100,47,A,t-shirt,bought-new,07,once-a-week,home,,replace-similar,,,,,,,,,,,,,,2026-06-04 12:24:35.675,,
237,1780568562078-7n84r6iho,2026-06-04 10:26:16.277+00,minimal,rarely,rarely,function,The Balanced Adapter,35,65,100,47,B,t-shirt,bought-new,07,once-a-week,home,,,,less-1-year,comfortable,,every-time,yes-myself,,,,,,,,2026-06-04 12:26:16.277,,
238,1780568555656-5f24pdqbg,2026-06-04 10:24:39.776+00,minimal,rarely,rarely,function,The Balanced Adapter,50,55,80,47,A,t-shirt,bought-new,07,once-a-week,home,,replace-similar,,,,,,,,,,,,,,2026-06-04 12:24:39.776,partial,
239,1780568555656-5f24pdqbg,2026-06-04 10:26:13.059+00,minimal,rarely,rarely,function,The Balanced Adapter,50,55,80,47,B,t-shirt,bought-new,07,once-a-week,home,,,,less-1-year,comfortable,,every-time,yes-myself,,,,,,,,2026-06-04 12:26:13.059,partial,
240,1780564491095-hv4oghrw1,2026-06-04 10:28:08.534+00,moderate,occasionally,periodically,social,The Memory Keeper,63,77,100,41,A,shirt-blouse,bought-new,2,once-a-week,leisure; sport,,replace-similar,,,,,,,,,,,,,,2026-06-04 12:28:08.534,,
241,1780564491095-hv4oghrw1,2026-06-04 10:28:38.71+00,moderate,occasionally,periodically,social,The Memory Keeper,63,77,100,41,B,jacket-coat,gift,23,once-a-month,work,,,,less-1-year,personal-emotional,,few-times,no-but-would,,,,,,,,2026-06-04 12:28:38.71,,
242,1780564491095-hv4oghrw1,2026-06-04 10:29:01.401+00,moderate,occasionally,periodically,social,The Memory Keeper,63,77,100,41,C,t-shirt,gift,12,,,,,,4,,,,,,doesnt-fit,repair-repurpose,,,,,2026-06-04 12:29:01.401,,
244,1780568928778-985ur0wmn,2026-06-04 10:32:02.012+00,moderate,rarely,rarely,function,The Memory Keeper,35,89,100,47,A,sweater-jumper,gift,10,once-a-week,home; work,,other,"Fits really well, is really comfortable and looks cute on me",,,,,,,,,,,,,2026-06-04 12:32:02.012,,
245,1780568928778-985ur0wmn,2026-06-04 10:40:24.139+00,moderate,rarely,rarely,function,The Memory Keeper,35,89,100,47,B,sweater-jumper,gift,10,once-a-week,home; work,,,,less-1-year,comfortable,,few-times,no-but-would,,,,,,,,2026-06-04 12:40:24.139,,
246,1780568928778-985ur0wmn,2026-06-04 10:41:07.99+00,moderate,rarely,rarely,function,The Memory Keeper,35,89,100,47,C,t-shirt,gift,15,,,,,,10,,,,,,damaged-worn-out,textile-bins,,,,,2026-06-04 12:41:07.99,,
247,1780570346016-i1kdpgpf6,2026-06-04 10:53:46.997+00,moderate,frequently,rarely,social,The Social Chameleon,73,65,100,67,A,t-shirt,bought-new,15,once-a-week,work; home,,replace-similar,,,,,,,,,,,,,,2026-06-04 12:53:46.997,,
248,1780570346016-i1kdpgpf6,2026-06-04 10:54:39.252+00,moderate,frequently,rarely,social,The Social Chameleon,73,65,100,67,B,jacket-coat,bought-new,40,once-a-month,work; special-occasions,,,,3-4-years,easy-to-style; confident,,when-dirty,no-but-would,,,,,,,,2026-06-04 12:54:39.252,,
249,1780570346016-i1kdpgpf6,2026-06-04 10:55:21.152+00,moderate,frequently,rarely,social,The Social Chameleon,73,65,100,67,C,jeans-trousers,bought-secondhand,25,,,,,,4,,,,,,doesnt-fit; dont-like-anymore; out-of-style,donate-charity,,,,,2026-06-04 12:55:21.152,,
252,1780572916198-j68el7ovw,2026-06-04 11:35:44.082+00,moderate,occasionally,periodically,emotion,The Social Chameleon,90,58,73,50,A,jeans-trousers,bought-new,150,once-a-week,leisure,,wanted-new,,,,,,,,,,,,,,2026-06-04 13:35:44.082,complete,
253,1780572916198-j68el7ovw,2026-06-04 11:38:23.71+00,moderate,occasionally,periodically,emotion,The Social Chameleon,90,58,73,50,B,t-shirt,bought-secondhand,75,once-a-week,leisure,,,,less-1-year,easy-to-style; confident; comfortable,,every-time,no-but-would,,,,,,,,2026-06-04 13:38:23.71,complete,
254,1780572916198-j68el7ovw,2026-06-04 11:38:52.473+00,moderate,occasionally,periodically,emotion,The Social Chameleon,90,58,73,50,C,sweater-jumper,bought-new,150,,,,,,,,,,,,dont-like-anymore,sell-it,,,,,2026-06-04 13:38:52.473,complete,4
255,1780573396967-2wuw2isvw,2026-06-04 11:43:36.614+00,minimal,rarely,rarely,function,The Identity Collector,60,78,61,50,A,t-shirt,bought-new,07,once-a-week,home,,replace-similar,,,,,,,,,,,,,,2026-06-04 13:43:36.614,complete,
256,1780573396967-2wuw2isvw,2026-06-04 11:43:53.97+00,minimal,rarely,rarely,function,The Identity Collector,60,78,61,50,B,jacket-coat,bought-new,07,once-each-season,special-occasions,,,,7-plus-years,comfortable,,never,no,,,,,,,,2026-06-04 13:43:53.97,complete,
257,1780573396967-2wuw2isvw,2026-06-04 11:44:06.823+00,minimal,rarely,rarely,function,The Identity Collector,60,78,61,50,C,shirt-blouse,made-it,07,,,,,,,,,,,,forgot,textile-bins,,,,,2026-06-04 13:44:06.823,complete,7
258,1780574856241-dr3eue5wm,2026-06-04 12:08:14.252+00,moderate,occasionally,periodically,emotion,The Balanced Adapter,35,55,57,51,A,dress,bought-new,100,once-a-week,work,,on-sale,,,,,,,,,,,,,,2026-06-04 14:08:14.252,,
259,1780577750255-25wf1n9x4,2026-06-04 12:57:19.526+00,extensive,frequently,periodically,emotion,The Social Chameleon,73,75,85,67,A,Skirt,bought-secondhand,3,once-a-month,special-occasions,,wanted-new,,,,,,,,,,,,,,2026-06-04 14:57:19.526,,
260,1780577750255-25wf1n9x4,2026-06-04 12:58:10.201+00,extensive,frequently,periodically,emotion,The Social Chameleon,73,75,85,67,B,jeans-trousers,bought-secondhand,10,once-a-week,leisure,,,,less-1-year,confident,,skipped,no-but-would,,,,,,,,2026-06-04 14:58:10.201,,
261,1780577750255-25wf1n9x4,2026-06-04 12:58:46.019+00,extensive,frequently,periodically,emotion,The Social Chameleon,73,75,85,67,C,shirt-blouse,bought-secondhand,5,,,,,,1,,,,,,dont-like-anymore,donate-charity,,,,,2026-06-04 14:58:46.019,,
262,1780578048579-sjgx4zz5f,2026-06-04 13:03:29.371+00,moderate,rarely,rarely,emotion,The Balanced Adapter,51,89,97,59,A,jeans-trousers,bought-new,50,once-a-week,home; work; special-occasions,,replace-similar,,,,,,,,,,,,,,2026-06-04 15:03:29.371,,
263,1780578048579-sjgx4zz5f,2026-06-04 13:04:59.087+00,moderate,rarely,rarely,emotion,The Balanced Adapter,51,89,97,59,B,dress,gift,80,once-a-month,work; home; special-occasions,,,,less-1-year,other,,few-times,no,,,,,,Looks good,,2026-06-04 15:04:59.087,,
264,1780578048579-sjgx4zz5f,2026-06-04 13:05:39.999+00,moderate,rarely,rarely,emotion,The Balanced Adapter,51,89,97,59,C,t-shirt,bought-new,20,,,,,,3,,,,,,doesnt-fit,textile-bins,,,,,2026-06-04 15:05:39.999,,
265,1780643735268-dfvtcdgot,2026-06-05 07:18:29.668+00,moderate,occasionally,rarely,social,The Memory Keeper,93,77,91,47,A,blazer,bought-new,30,once-a-month,special-occasions,,wanted-new,,,,,,,,,,,,,,2026-06-05 09:18:29.668,,
266,1780643735268-dfvtcdgot,2026-06-05 07:20:01.368+00,moderate,occasionally,rarely,social,The Memory Keeper,93,77,91,47,B,jeans-trousers,bought-new,15,once-a-week,leisure; home; special-occasions; work; sport,,,,3-4-years,other; confident; comfortable; easy-to-style,,few-times,no-but-would,,,,,,one of few items that truly fits my style,,2026-06-05 09:20:01.368,,
267,1780643735268-dfvtcdgot,2026-06-05 07:20:39.89+00,moderate,occasionally,rarely,social,The Memory Keeper,93,77,91,47,C,dress,gift,40,,,,,,6,,,,,,dont-like-anymore; doesnt-fit; damaged-worn-out,repair-repurpose,,,,,2026-06-05 09:20:39.89,,
268,1780697475659-tx8xmjzp3,2026-06-05 22:12:34.654+00,minimal,rarely,rarely,function,The Functional Minimalist,47,59,100,65,A,t-shirt,bought-new,50,once-a-week,home,,wanted-new,,,,,,,,,,,,,,2026-06-06 00:12:34.654,,
269,1780697475659-tx8xmjzp3,2026-06-05 22:13:28.848+00,minimal,rarely,rarely,function,The Functional Minimalist,47,59,100,65,B,jeans-trousers,bought-new,50,once-a-week,home,,,,less-1-year,comfortable; easy-to-style,,few-times,no,,,,,,,,2026-06-06 00:13:28.848,,
270,1780697475659-tx8xmjzp3,2026-06-05 22:14:14.788+00,minimal,rarely,rarely,function,The Functional Minimalist,47,59,100,65,C,jacket-coat,bought-new,130,,,,,,2,,,,,,damaged-worn-out,textile-bins,,,,,2026-06-06 00:14:14.788,,
271,1780697473582-wb3wpf0d1,2026-06-05 22:13:46.563+00,moderate,rarely,rarely,function,The Functional Minimalist,63,59,85,59,A,shirt-blouse,bought-secondhand,20,once-each-season,special-occasions,,wanted-new,,,,,,,,,,,,,,2026-06-06 00:13:46.563,,
272,1780697473582-wb3wpf0d1,2026-06-05 22:15:00.732+00,moderate,rarely,rarely,function,The Functional Minimalist,63,59,85,59,B,shirt-blouse,bought-new,15,once-each-season,leisure,,,,3-4-years,confident,,few-times,no-but-would,,,,,,,,2026-06-06 00:15:00.732,,
273,1780697473582-wb3wpf0d1,2026-06-05 22:15:46.731+00,moderate,rarely,rarely,function,The Functional Minimalist,63,59,85,59,C,Socks,bought-new,10,,,,,,3,,,,,,damaged-worn-out,textile-bins,,,,,2026-06-06 00:15:46.731,,
274,1780851724401-kd1ym2dvx,2026-06-07 17:08:14.231+00,minimal,frequently,periodically,function,The Functional Minimalist,53,55,100,67,A,jacket-coat,bought-new,32,once-a-week,sport,,replace-similar,,,,,,,,,,,,,,2026-06-07 19:08:14.231,,
275,1780851724401-kd1ym2dvx,2026-06-07 17:08:53.779+00,minimal,frequently,periodically,function,The Functional Minimalist,53,55,100,67,B,shorts,bought-new,21,once-a-week,leisure,,,,1-2-years,comfortable,,every-time,no-but-would,,,,,,,,2026-06-07 19:08:53.779,,
276,1780851724401-kd1ym2dvx,2026-06-07 17:09:17.44+00,minimal,frequently,periodically,function,The Functional Minimalist,53,55,100,67,C,blazer,bought-secondhand,21,,,,,,2,,,,,,dont-like-anymore,donate-charity,,,,,2026-06-07 19:09:17.44,,
277,1780903323240-q7bh6roov,2026-06-08 07:23:38.219+00,moderate,occasionally,periodically,social,The Functional Minimalist,73,49,91,59,A,shorts,bought-new,29,once-a-week,sport,,replace-similar,,,,,,,,,,,,,,2026-06-08 09:23:38.219,,
278,1780903323240-q7bh6roov,2026-06-08 07:25:34.295+00,moderate,occasionally,periodically,social,The Functional Minimalist,73,49,91,59,B,jeans-trousers,bought-secondhand,60,once-a-month,special-occasions; leisure,,,,1-2-years,comfortable; confident; personal-emotional,,never,yes-professionally,,,,,,,,2026-06-08 09:25:34.295,,
279,1780903323240-q7bh6roov,2026-06-08 07:26:52.068+00,moderate,occasionally,periodically,social,The Functional Minimalist,73,49,91,59,C,shorts,bought-new,20,,,,,,6,,,,,,dont-like-anymore,sell-it,,,,,2026-06-08 09:26:52.068,,
280,1780905316718-d180nk82g,2026-06-08 07:56:12.76+00,moderate,rarely,rarely,function,The Identity Collector,61,69,100,59,A,t-shirt,bought-new,20,once-a-month,home; leisure,,replace-similar,,,,,,,,,,,,,,2026-06-08 09:56:12.76,,
281,1780905316718-d180nk82g,2026-06-08 07:56:50.351+00,moderate,rarely,rarely,function,The Identity Collector,61,69,100,59,B,sweater-jumper,gift,80,once-a-week,home; leisure; work; special-occasions,,,,less-1-year,comfortable; easy-to-style; confident,,few-times,no-but-would,,,,,,,,2026-06-08 09:56:50.351,,
282,1780905316718-d180nk82g,2026-06-08 07:57:18.004+00,moderate,rarely,rarely,function,The Identity Collector,61,69,100,59,C,t-shirt,bought-new,5,,,,,,4,,,,,,damaged-worn-out; dont-like-anymore,textile-bins,,,,,2026-06-08 09:57:18.004,,
283,1780905053478-i4yzzsmvl,2026-06-08 07:54:24.837+00,moderate,occasionally,periodically,social,The Functional Minimalist,93,55,71,47,A,Shoes,bought-new,120,once-a-week,work; special-occasions,,wanted-new,,,,,,,,,,,,,,2026-06-08 09:54:24.837,,
284,1780905053478-i4yzzsmvl,2026-06-08 07:57:51.783+00,moderate,occasionally,periodically,social,The Functional Minimalist,93,55,71,47,B,shirt-blouse,bought-secondhand,90,once-a-month,special-occasions,,,,1-2-years,comfortable; confident; personal-emotional,,when-dirty,no,,,,,,,,2026-06-08 09:57:51.783,,
285,1780905053478-i4yzzsmvl,2026-06-08 07:59:17.795+00,moderate,occasionally,periodically,social,The Functional Minimalist,93,55,71,47,C,sweater-jumper,bought-new,25,,,,,,10,,,,,,out-of-style; dont-like-anymore,donate-charity,,,,,2026-06-08 09:59:17.795,,
286,1780925456748-x7hj1j2kx,2026-06-08 13:32:19.977+00,moderate,frequently,rarely,social,The Identity Collector,90,64,67,58,A,dress,bought-secondhand,16,once-a-month,leisure; home,,wanted-new,,,,,,,,,,,,,,2026-06-08 15:32:19.977,complete,
287,1780925456748-x7hj1j2kx,2026-06-08 13:35:15.91+00,moderate,frequently,rarely,social,The Identity Collector,90,64,67,58,B,sweater-jumper,bought-secondhand,28,once-each-season,home; leisure,,,,1-2-years,easy-to-style; confident; comfortable,,few-times,no-but-would,,,,,,,,2026-06-08 15:35:15.91,complete,
288,1780925456748-x7hj1j2kx,2026-06-08 13:37:03.747+00,moderate,frequently,rarely,social,The Identity Collector,90,64,67,58,C,t-shirt,bought-new,15,,,,,,,,,,,,out-of-style; dont-like-anymore,donate-charity,,,,,2026-06-08 15:37:03.747,complete,4
289,1781001364472-j5lulirru,2026-06-09 10:48:02.143+00,extensive,frequently,rarely,emotion,The Identity Collector,75,71,65,63,A,Skirt,bought-secondhand,3,once-a-month,leisure,,other,Because I think it's beautiful,,,,,,,,,,,,,2026-06-09 12:48:02.143,complete,
290,1781001364472-j5lulirru,2026-06-09 10:50:13.262+00,extensive,frequently,rarely,emotion,The Identity Collector,75,71,65,63,B,jeans-trousers,bought-new,10,once-a-week,home; leisure; sport; work; special-occasions,,,,1-2-years,comfortable; easy-to-style; confident,,few-times,yes-myself,,,,,,,,2026-06-09 12:50:13.262,complete,
291,1781001364472-j5lulirru,2026-06-09 10:52:55.348+00,extensive,frequently,rarely,emotion,The Identity Collector,75,71,65,63,C,t-shirt,gift,2,,,,,,,,,,,,other,gift-friends-family,,,,The fabric is not comfortable,2026-06-09 12:52:55.348,complete,2
292,1781087728503-48dmn7m2p,2026-06-10 10:37:37.782+00,extensive,occasionally,rarely,emotion,The Social Chameleon,95,50,78,32,A,jeans-trousers,bought-new,50,once-a-week,home; sport; leisure; work,,wanted-new,,,,,,,,,,,,,,2026-06-10 12:37:37.782,complete,
293,1781087728503-48dmn7m2p,2026-06-10 10:40:26.411+00,extensive,occasionally,rarely,emotion,The Social Chameleon,95,50,78,32,B,sweater-jumper,bought-new,80,once-a-month,home; special-occasions; work,,,,less-1-year,comfortable; confident; other,,when-dirty,skipped,,,,,,cool brand,,2026-06-10 12:40:26.411,complete,
294,1781087728503-48dmn7m2p,2026-06-10 10:41:37.619+00,extensive,occasionally,rarely,emotion,The Social Chameleon,95,50,78,32,C,shorts,bought-new,25,,,,,,,,,,,,dont-like-anymore; out-of-style; other,sell-it,,,,uncomfortable,2026-06-10 12:41:37.619,complete,1
295,1781120293085-gxf4sqxyj,2026-06-10 19:39:08.688+00,moderate,occasionally,periodically,emotion,The Social Chameleon,90,61,79,39,A,t-shirt,bought-new,135,once-a-week,leisure,,wanted-new,,,,,,,,,,,,,,2026-06-10 21:39:08.688,complete,
296,1781120293085-gxf4sqxyj,2026-06-10 19:39:48.77+00,moderate,occasionally,periodically,emotion,The Social Chameleon,90,61,79,39,B,jeans-trousers,bought-new,250,once-a-week,leisure,,,,less-1-year,confident; easy-to-style; comfortable,,few-times,no-but-would,,,,,,,,2026-06-10 21:39:48.77,complete,
297,1781120293085-gxf4sqxyj,2026-06-10 19:40:12.922+00,moderate,occasionally,periodically,emotion,The Social Chameleon,90,61,79,39,C,sweater-jumper,bought-new,150,,,,,,,,,,,,dont-like-anymore,sell-it,,,,,2026-06-10 21:40:12.922,complete,4
298,1781121691401-62s0a6hzz,2026-06-10 20:02:08.001+00,minimal,rarely,rarely,function,The Balanced Adapter,63,64,84,64,A,jacket-coat,bought-new,150,once-a-week,leisure; work,,replace-similar,,,,,,,,,,,,,,2026-06-10 22:02:08.001,complete,
299,1781121691401-62s0a6hzz,2026-06-10 20:03:18.101+00,minimal,rarely,rarely,function,The Balanced Adapter,63,64,84,64,B,sweater-jumper,bought-secondhand,75,once-a-week,home; leisure,,,,1-2-years,comfortable,,few-times,yes-myself,,,,,,,,2026-06-10 22:03:18.101,complete,
300,1781121691401-62s0a6hzz,2026-06-10 20:03:46.119+00,minimal,rarely,rarely,function,The Balanced Adapter,63,64,84,64,C,blazer,bought-new,100,,,,,,,,,,,,waiting-occasion,donate-charity,,,,,2026-06-10 22:03:46.119,complete,3
301,1781122334809-62qyk6xwt,2026-06-10 20:13:04.597+00,extensive,frequently,regularly,social,The Identity Collector,95,68,69,47,A,jeans-trousers,bought-secondhand,75,once-a-month,leisure,,wanted-new,,,,,,,,,,,,,,2026-06-10 22:13:04.597,complete,
302,1781122334809-62qyk6xwt,2026-06-10 20:13:57.079+00,extensive,frequently,regularly,social,The Identity Collector,95,68,69,47,B,shirt-blouse,bought-new,50,once-a-week,work; special-occasions,,,,3-4-years,easy-to-style; confident,,every-time,skipped,,,,,,,,2026-06-10 22:13:57.079,complete,
303,1781122334809-62qyk6xwt,2026-06-10 20:14:33.729+00,extensive,frequently,regularly,social,The Identity Collector,95,68,69,47,C,dress,bought-new,120,,,,,,,,,,,,out-of-style; forgot; waiting-occasion; dont-like-anymore,donate-charity,,,,,2026-06-10 22:14:33.729,complete,4
304,1781122658527-dr31l1f6g,2026-06-10 20:18:27.678+00,minimal,occasionally,regularly,emotion,The Identity Collector,83,86,71,69,A,hat,bought-secondhand,45,once-a-month,leisure; sport,,wanted-new,,,,,,,,,,,,,,2026-06-10 22:18:27.678,complete,
305,1781122658527-dr31l1f6g,2026-06-10 20:28:18.691+00,minimal,occasionally,regularly,emotion,The Identity Collector,83,86,71,69,B,jeans-trousers,gift,0,once-a-month,leisure; special-occasions; work; home,,,,5-6-years,easy-to-style; personal-emotional,,few-times,yes-professionally,,,,,,,,2026-06-10 22:28:18.691,complete,
306,1781122658527-dr31l1f6g,2026-06-10 20:29:00.406+00,minimal,occasionally,regularly,emotion,The Identity Collector,83,86,71,69,C,dress,bought-secondhand,100,,,,,,,,,,,,waiting-occasion,textile-bins,,,,,2026-06-10 22:29:00.406,complete,2
307,1781169682975-370g0vajw,2026-06-11 09:25:22.5+00,minimal,rarely,regularly,function,The Balanced Adapter,83,73,87,64,A,jacket-coat,bought-secondhand,100,once-a-week,home; leisure; work; special-occasions,,replace-similar,,,,,,,,,,,,,,2026-06-11 11:25:22.5,complete,
308,1781169682975-370g0vajw,2026-06-11 09:26:09.518+00,minimal,rarely,regularly,function,The Balanced Adapter,83,73,87,64,B,jeans-trousers,bought-new,150,once-a-week,leisure; work; special-occasions,,,,3-4-years,comfortable; easy-to-style; confident,,few-times,no-but-would,,,,,,,,2026-06-11 11:26:09.518,complete,
309,1781169682975-370g0vajw,2026-06-11 09:27:21.751+00,minimal,rarely,regularly,function,The Balanced Adapter,83,73,87,64,C,blazer,gift,150,,,,,,,,,,,,waiting-occasion,textile-bins,,,,,2026-06-11 11:27:21.751,complete,3